<?xml version="1.0" encoding="UTF-8"?>
<project-private xmlns="http://www.netbeans.org/ns/project-private/1">
    <editor-bookmarks xmlns="http://www.netbeans.org/ns/editor-bookmarks/2" lastBookmarkId="0"/>
    <open-files xmlns="http://www.netbeans.org/ns/projectui-open-files/2">
        <group>
            <file>file:/home/ccslearner/NetBeansProjects/loanManagementApp/web/addloaninformation.html</file>
            <file>file:/home/ccslearner/NetBeansProjects/loanManagementApp/web/index_customer.html</file>
            <file>file:/home/ccslearner/NetBeansProjects/loanManagementApp/web/payment_action.jsp</file>
            <file>file:/home/ccslearner/NetBeansProjects/loanManagementApp/web/reportApproved.jsp</file>
        </group>
    </open-files>
</project-private>
